﻿{"ContextClassName":"BookingContext","DefaultDacpacSchema":null,"IdReplace":false,"IncludeConnectionString":true,"OutputPath":"","ProjectRootNamespace":"HHSBooking","SelectedToBeGenerated":0,"Tables":[{"HasPrimaryKey":true,"Name":"dbo.Clientes"},{"HasPrimaryKey":true,"Name":"dbo.EspecificacoesQuarto"},{"HasPrimaryKey":true,"Name":"dbo.Hoteis"},{"HasPrimaryKey":true,"Name":"dbo.Pagamento"},{"HasPrimaryKey":true,"Name":"dbo.Precario"},{"HasPrimaryKey":true,"Name":"dbo.Regimes"},{"HasPrimaryKey":true,"Name":"dbo.Reservas"},{"HasPrimaryKey":true,"Name":"dbo.ServicosHotel"},{"HasPrimaryKey":true,"Name":"dbo.sysdiagrams"},{"HasPrimaryKey":true,"Name":"dbo.TipoPagamento"},{"HasPrimaryKey":true,"Name":"dbo.TipoQuarto"}],"UseDatabaseNames":false,"UseFluentApiOnly":true,"UseHandleBars":false,"UseInflector":false}